{
	"molecule": {
		"geometry": [
			0.000000000000,   0.000000000000,   0.000000000000,
		  1.000000000000,   0.000000000000,   0.000000000000
		],
		"symbols": ["H", "H"],
		"enuc":0.5291772492,
		"ovr":[    1.0000000000000018,
               0.65829196970066139,
               1.0000000000000018,
               0.25330675309572531,
               0.41171989701692030,
               1.0000000000000018,
               0.41171989701692030,
               0.74978661659874102,
               0.65829196970066139,
               1.0000000000000018 ],
		"hcore":[  -0.78585504120175020,
               -0.82575387952257573,
               -0.85981449230455620,
               -0.46889626416440794,
               -0.58913336768392421,
               -0.78585504120174954,
               -0.58913336768392421,
               -0.72964598140746373,
               -0.82575387952257562,
               -0.85981449230455620 ],
		"tei":[ 0.77460594419367190,
						0.30930900073679668,
						0.15786580791519622,
						0.47804139741891638,
						0.30930900073679657,
						0.77460594419367190 ]
	},

	"driver": "energy",

	"model": {
		"method": "RHF",
		"basis": "6-31G"
	},

	"keywords": {
		"scf":{
			"niter":1,
			"dele":1E-8,
			"rmsd":1E-6,
			"prec":"Float64",
			"direct":false,
			"debug":false
		}
	}
}
