{
  "molecule": {
    "geometry": [
      0.000000000000,  -0.143225816552,   0.000000000000,
      1.638036840407,   1.136548822547,  -0.000000000000,
     -1.638036840407,   1.136548822547,  -0.000000000000
    ],
    "symbols": ["O", "H", "H"],
    "molecular_charge":0,
    "enuc":4.2346705892, 
"ovr":[    1.00000000000000     ,
  0.233689857265933     ,
   1.00000000000000     ,
  0.000000000000000E+000,
  0.000000000000000E+000,
   1.00000000000000     ,
  6.758516601910038E-017,
  0.000000000000000E+000,
  0.000000000000000E+000,
   1.00000000000000     ,
  0.000000000000000E+000,
  0.000000000000000E+000,
  0.000000000000000E+000,
  0.000000000000000E+000,
   1.00000000000000     ,
  0.167279762588685     ,
  0.763640809605302     ,
  0.000000000000000E+000,
  0.000000000000000E+000,
  0.000000000000000E+000,
   1.00000000000000     ,
  0.000000000000000E+000,
  0.000000000000000E+000,
  0.501520684984840     ,
  0.000000000000000E+000,
  0.000000000000000E+000,
  0.000000000000000E+000,
   1.00000000000000     ,
  3.367072148671831E-018,
  0.000000000000000E+000,
  0.000000000000000E+000,
  0.501520684984840     ,
  0.000000000000000E+000,
  0.000000000000000E+000,
  0.000000000000000E+000,
   1.00000000000000     ,
  0.000000000000000E+000,
  0.000000000000000E+000,
  0.000000000000000E+000,
  0.000000000000000E+000,
  0.501520684984840     ,
  0.000000000000000E+000,
  0.000000000000000E+000,
  0.000000000000000E+000,
   1.00000000000000     ,
  2.620173022529510E-005,
  2.060689992168508E-003,
  3.297268587730253E-003,
  2.576108554326823E-003,
  0.000000000000000E+000,
  4.021413367845555E-002,
  9.253991443193256E-002,
  7.230010502386058E-002,
  0.000000000000000E+000,
   1.00000000000000     ,
  1.008527688466591E-002,
  7.104615788030627E-002,
  4.571178392944079E-002,
  3.571395974606772E-002,
  0.000000000000000E+000,
  0.200439685849799     ,
  0.241120607383634     ,
  0.188384064803481     ,
  0.000000000000000E+000,
  0.658291969700661     ,
   1.00000000000000     ,
  2.620173022529510E-005,
  2.060689992168508E-003,
 -3.297268587730253E-003,
  2.576108554326823E-003,
  0.000000000000000E+000,
  4.021413367845555E-002,
 -9.253991443193256E-002,
  7.230010502386058E-002,
  0.000000000000000E+000,
  3.115906924442341E-006,
  4.403367633638737E-003,
   1.00000000000000     ,
  1.008527688466591E-002,
  7.104615788030627E-002,
 -4.571178392944079E-002,
  3.571395974606772E-002,
  0.000000000000000E+000,
  0.200439685849799     ,
 -0.241120607383634     ,
  0.188384064803481     ,
  0.000000000000000E+000,
  4.403367633638736E-003,
  4.547250089284843E-002,
  0.658291969700661     ,
   1.00000000000000      ],
"hcore":[   -32.4502039805145     ,
  -7.22822641090487     ,
  -9.32911287100283     ,
 -6.505213034913027E-019,
  0.000000000000000E+000,
  -7.89837804398647     ,
 -5.801925064812260E-003,
 -3.958574815276690E-002,
  0.000000000000000E+000,
  -7.89423311326194     ,
  0.000000000000000E+000,
  0.000000000000000E+000,
  0.000000000000000E+000,
  0.000000000000000E+000,
  -7.88773890731432     ,
  -5.27228888596471     ,
  -6.93880212257464     ,
  0.000000000000000E+000,
 -3.850911571064147E-002,
  0.000000000000000E+000,
  -6.73767059806610     ,
  5.421010862427522E-020,
 -3.469446951953614E-018,
  -3.49037026326408     ,
 -8.673617379884035E-019,
  0.000000000000000E+000,
  0.000000000000000E+000,
  -4.28257080712444     ,
 -7.994949009284528E-004,
 -2.626065918901690E-002,
 -8.673617379884035E-019,
  -3.48610579637222     ,
  0.000000000000000E+000,
 -7.672112007472336E-002,
  0.000000000000000E+000,
  -4.26051278178635     ,
  0.000000000000000E+000,
  0.000000000000000E+000,
  0.000000000000000E+000,
  0.000000000000000E+000,
  -3.47942430321994     ,
  0.000000000000000E+000,
  0.000000000000000E+000,
  0.000000000000000E+000,
  -4.22595264824882     ,
 -8.713814095350407E-004,
 -1.923973360934101E-002,
 -2.713461155475365E-002,
 -2.124306581207353E-002,
  0.000000000000000E+000,
 -0.178631434213592     ,
 -0.364751649135219     ,
 -0.285679144839077     ,
  0.000000000000000E+000,
  -2.45565170406163     ,
 -0.319055007196044     ,
 -0.622861588526414     ,
 -0.324404458693633     ,
 -0.256712078724620     ,
  0.000000000000000E+000,
  -1.02976025672164     ,
 -0.924433159639863     ,
 -0.734935257690477     ,
  0.000000000000000E+000,
  -1.92956647012073     ,
  -2.59376584308519     ,
 -8.713814095350407E-004,
 -1.923973360934101E-002,
  2.713461155475364E-002,
 -2.124306581207353E-002,
  0.000000000000000E+000,
 -0.178631434213592     ,
  0.364751649135219     ,
 -0.285679144839077     ,
  0.000000000000000E+000,
 -3.380122911330442E-005,
 -1.971836960538330E-002,
  -2.45565170406163     ,
 -0.319055007196044     ,
 -0.622861588526414     ,
  0.324404458693633     ,
 -0.256712078724620     ,
  0.000000000000000E+000,
  -1.02976025672164     ,
  0.924433159639863     ,
 -0.734935257690477     ,
  0.000000000000000E+000,
 -1.971836960538330E-002,
 -0.183252324880266     ,
  -1.92956647012073     ,
  -2.59376584308519      ]
  },
  "driver": "energy",
  "model": {
    "method": "RHF",
    "basis": "6-31G"
  },
  "keywords": {
    "scf":{
      "niter":100,
      "ndiis":8,
      "dele":1E-8,
      "rmsd":1E-6,
      "prec":"Float64",
      "direct":true,
      "debug":false
    }
  }
}
