{
	"molecule": {
		"geometry": [
			0.000000000000,   0.000000000000,   0.000000000000,
		  1.000000000000,   0.000000000000,   0.000000000000
		],
		"symbols": ["H", "H"],
		"enuc":0.5291772492,
		"ovr":[    1.0000000000000018,
               0.65829196970066139,
               1.0000000000000018,
               0.25330675309572531,
               0.41171989701692030,
               1.0000000000000018,
               0.41171989701692030,
               0.74978661659874102,
               0.65829196970066139,
               1.0000000000000018 ],
		"hcore":[  -0.78585504120175020,
               -0.82575387952257573,
               -0.85981449230455620,
               -0.46889626416440794,
               -0.58913336768392421,
               -0.78585504120174954,
               -0.58913336768392421,
               -0.72964598140746373,
               -0.82575387952257562,
               -0.85981449230455620 ],
		"tei":[    1.0765661324594715,
               0.57847029709240649,
               0.32942312209753793,
               0.58739583112159988,
               0.36130376865871555,
               0.45315032848178977,
               0.20540168747336052,
               0.11972456339720576,
               0.13548971039644916,
                5.9785675910272201E-002,
               0.23962168643263945,
               0.14918837704989263,
               0.18943688309074722,
                8.1014792051551335E-002,
               0.12775906633056477,
               0.51953558571380132,
               0.33257944598688283,
               0.44203558188401448,
               0.20540168747336054,
               0.35217536741507716,
                1.0765661324594715,
               0.35217536741507710,
               0.20180365226394067,
               0.22352123530362614,
                8.1014792051551307E-002,
               0.10388209657659388,
               0.23962168643263942,
               0.12775906633056477,
               0.40723469644509774,
               0.25290373743277539,
               0.32414005993349726,
               0.10939817491378924,
               0.16439263588646469,
               0.40723469644509769,
               0.16439263588646469,
               0.25475203826650256,
               0.33257944598688283,
               0.21141226248800077,
               0.28069998553876790,
               0.11972456339720577,
               0.20180365226394067,
               0.57847029709240649,
               0.14918837704989260,
               0.25290373743277533,
               0.32942312209753793,
               0.44203558188401448,
               0.28069998553876802,
               0.37933607173141504,
               0.13548971039644916,
               0.22352123530362614,
               0.58739583112159988,
               0.18943688309074719,
               0.32414005993349726,
               0.36130376865871555,
               0.45315032848178977 ]
	},

	"driver": "energy",

	"model": {
		"method": "RHF",
		"basis": "6-31G"
	},

	"keywords": {
		"scf":{
			"niter":1,
			"dele":1E-8,
			"rmsd":1E-6,
			"prec":"Float64",
			"direct":false,
			"debug":false
		}
	}
}
