{
  "molecule": {
    "geometry": [
      0.000000000000,  -0.143225816552,   0.000000000000,
      1.638036840407,   1.136548822547,  -0.000000000000,
     -1.638036840407,   1.136548822547,  -0.000000000000
    ],
    "symbols": ["O", "H", "H"],
    "molecular_charge":0,
    "enuc":4.2346705892, 
"ovr":[    1.00000000000000     ,
  0.352770447812368     ,
   1.00000000000000     ,
  0.160015219315759     ,
  0.783887797456369     ,
   1.00000000000000     ,
  0.000000000000000E+000,
  0.000000000000000E+000,
  0.000000000000000E+000,
   1.00000000000000     ,
 -1.670659769204749E-018,
  0.000000000000000E+000,
  1.504629899721678E-017,
  0.000000000000000E+000,
   1.00000000000000     ,
  0.000000000000000E+000,
  0.000000000000000E+000,
  0.000000000000000E+000,
  0.000000000000000E+000,
  0.000000000000000E+000,
   1.00000000000000     ,
  0.000000000000000E+000,
  0.000000000000000E+000,
  0.000000000000000E+000,
  0.458556514664294     ,
  0.000000000000000E+000,
  0.000000000000000E+000,
   1.00000000000000     ,
 -2.976466763398028E-018,
  0.000000000000000E+000,
  0.000000000000000E+000,
  0.000000000000000E+000,
  0.458556514664294     ,
  0.000000000000000E+000,
  0.000000000000000E+000,
   1.00000000000000     ,
  0.000000000000000E+000,
  0.000000000000000E+000,
  0.000000000000000E+000,
  0.000000000000000E+000,
  0.000000000000000E+000,
  0.458556514664294     ,
  0.000000000000000E+000,
  0.000000000000000E+000,
   1.00000000000000     ,
  1.953493012853305E-005,
  2.698029216532445E-003,
  4.142633567727481E-002,
  9.871171046604190E-004,
  7.712204055504339E-004,
  0.000000000000000E+000,
  5.726728953044548E-002,
  4.474211017915432E-002,
  0.000000000000000E+000,
   1.00000000000000     ,
  1.226047864234870E-002,
  9.164350224050453E-002,
  0.226513428964737     ,
  2.932242863388764E-002,
  2.290919202593496E-002,
  0.000000000000000E+000,
  0.188152906226925     ,
  0.147001161220624     ,
  0.000000000000000E+000,
  0.620827980650830     ,
   1.00000000000000     ,
  1.953493012853305E-005,
  2.698029216532445E-003,
  4.142633567727481E-002,
 -9.871171046604190E-004,
  7.712204055504339E-004,
  0.000000000000000E+000,
 -5.726728953044548E-002,
  4.474211017915432E-002,
  0.000000000000000E+000,
  2.561613242904639E-006,
  7.859047168949312E-003,
   1.00000000000000     ,
  1.226047864234870E-002,
  9.164350224050453E-002,
  0.226513428964737     ,
 -2.932242863388764E-002,
  2.290919202593496E-002,
  0.000000000000000E+000,
 -0.188152906226925     ,
  0.147001161220624     ,
  0.000000000000000E+000,
  7.859047168949312E-003,
  7.284638826789730E-002,
  0.620827980650830     ,
   1.00000000000000      ],
"hcore":[   -32.4087826905396     ,
  -11.3444204923700     ,
  -11.1104847367309     ,
  -5.19806136296553     ,
  -7.46874203289739     ,
  -6.73526692573441     ,
  1.301042606982605E-018,
  0.000000000000000E+000,
  0.000000000000000E+000,
  -8.19050235876320     ,
 -6.248278793205005E-003,
 -3.498373420307930E-002,
 -2.749452518420513E-002,
  0.000000000000000E+000,
  -8.18756779218466     ,
  0.000000000000000E+000,
  0.000000000000000E+000,
  0.000000000000000E+000,
  0.000000000000000E+000,
  0.000000000000000E+000,
  -8.18296996389882     ,
  0.000000000000000E+000,
  0.000000000000000E+000,
  0.000000000000000E+000,
  -3.71478619189535     ,
  0.000000000000000E+000,
  0.000000000000000E+000,
  -4.72603726433415     ,
 -9.316407073042335E-004,
 -3.369850593646944E-002,
 -7.490970599631355E-002,
  0.000000000000000E+000,
  -3.71221332324399     ,
  0.000000000000000E+000,
  0.000000000000000E+000,
  -4.70932045244964     ,
  0.000000000000000E+000,
  0.000000000000000E+000,
  0.000000000000000E+000,
  0.000000000000000E+000,
  0.000000000000000E+000,
  -3.70818219703016     ,
  0.000000000000000E+000,
  0.000000000000000E+000,
  -4.68312884000041     ,
 -7.005986414581643E-004,
 -2.319252469937676E-002,
 -0.183177022076780     ,
 -1.118744408844747E-002,
 -8.755016522431200E-003,
  0.000000000000000E+000,
 -0.251804017559014     ,
 -0.197209785181198     ,
  0.000000000000000E+000,
  -2.48941779911864     ,
 -0.401109421754704     ,
 -0.813459055308362     ,
  -1.18347980295125     ,
 -0.253090244078317     ,
 -0.200341307936205     ,
  0.000000000000000E+000,
 -0.796954166935503     ,
 -0.635973488826872     ,
  0.000000000000000E+000,
  -1.82393051813746     ,
  -2.57555373511226     ,
 -7.005986414581643E-004,
 -2.319252469937676E-002,
 -0.183177022076780     ,
  1.118744408844747E-002,
 -8.755016522431202E-003,
  0.000000000000000E+000,
  0.251804017559014     ,
 -0.197209785181198     ,
  0.000000000000000E+000,
 -2.900588232582334E-005,
 -3.283900579210713E-002,
  -2.48941779911864     ,
 -0.401109421754704     ,
 -0.813459055308362     ,
  -1.18347980295125     ,
  0.253090244078317     ,
 -0.200341307936205     ,
  0.000000000000000E+000,
  0.796954166935503     ,
 -0.635973488826872     ,
  0.000000000000000E+000,
 -3.283900579210714E-002,
 -0.280376250755551     ,
  -1.82393051813746     ,
  -2.57555373511226      ]
  },
  "driver": "energy",
  "model": {
    "method": "RHF",
    "basis": "PCSeg-0"
  },
  "keywords": {
    "scf":{
      "niter":100,
      "ndiis":8,
      "dele":1E-8,
      "rmsd":1E-6,
      "prec":"Float64",
      "direct":true,
      "debug":false
    }
  }
}
