{
  "molecule": {
    "geometry": [
      1.000000000000,   0.000000000000,   0.000000000000,
      0.000000000000,   0.000000000000,   0.000000000000
    ],
    "symbols": ["O", "H"],
    "molecular_charge":-1,
    "enuc":4.2334179939,
"ovr":[    1.00000000000000     ,
  0.352770447812368     ,
   1.00000000000000     ,
  0.160015219315759     ,
  0.783887797456369     ,
   1.00000000000000     ,
 -8.532538232202680E-017,
 -4.627959899159578E-016,
  5.737376778602822E-016,
   1.00000000000000     ,
  0.000000000000000E+000,
  0.000000000000000E+000,
  0.000000000000000E+000,
  0.000000000000000E+000,
   1.00000000000000     ,
  0.000000000000000E+000,
  0.000000000000000E+000,
  0.000000000000000E+000,
  0.000000000000000E+000,
  0.000000000000000E+000,
   1.00000000000000     ,
  3.892105691065591E-020,
 -4.604957925223724E-016,
 -2.617532884288719E-016,
  0.458556514664294     ,
  0.000000000000000E+000,
  0.000000000000000E+000,
   1.00000000000000     ,
  0.000000000000000E+000,
  0.000000000000000E+000,
  0.000000000000000E+000,
  0.000000000000000E+000,
  0.458556514664294     ,
  0.000000000000000E+000,
  0.000000000000000E+000,
   1.00000000000000     ,
  0.000000000000000E+000,
  0.000000000000000E+000,
  0.000000000000000E+000,
  0.000000000000000E+000,
  0.000000000000000E+000,
  0.458556514664294     ,
  0.000000000000000E+000,
  0.000000000000000E+000,
   1.00000000000000     ,
  2.916294568315132E-002,
  0.239514222655342     ,
  0.413014202297146     ,
 -0.180303668020678     ,
  0.000000000000000E+000,
  0.000000000000000E+000,
 -0.577191424627617     ,
  0.000000000000000E+000,
  0.000000000000000E+000,
   1.00000000000000     ,
  6.061200826363335E-002,
  0.371961887823793     ,
  0.664290755812438     ,
 -8.051776226350965E-002,
  0.000000000000000E+000,
  0.000000000000000E+000,
 -0.371236085260609     ,
  0.000000000000000E+000,
  0.000000000000000E+000,
  0.620827980650830     ,
   1.00000000000000      ],
"hcore":[   -32.4288171016229     ,
  -11.3514880405395     ,
  -11.1302948883676     ,
  -5.20126717364887     ,
  -7.48264961485296     ,
  -6.72905697513077     ,
  2.192660871865354E-002,
  0.122722750953023     ,
  9.622120910835257E-002,
  -8.24335605204229     ,
  0.000000000000000E+000,
  0.000000000000000E+000,
  0.000000000000000E+000,
  0.000000000000000E+000,
  -8.18888880287165     ,
  0.000000000000000E+000,
  0.000000000000000E+000,
  0.000000000000000E+000,
  0.000000000000000E+000,
  0.000000000000000E+000,
  -8.18888880287165     ,
  3.269335753330321E-003,
  0.114408744397735     ,
  0.206724951582729     ,
  -3.75219818716675     ,
  0.000000000000000E+000,
  0.000000000000000E+000,
  -4.81268565041413     ,
  0.000000000000000E+000,
  0.000000000000000E+000,
  0.000000000000000E+000,
  0.000000000000000E+000,
  -3.70499714587990     ,
  0.000000000000000E+000,
  0.000000000000000E+000,
  -4.62708934843088     ,
  0.000000000000000E+000,
  0.000000000000000E+000,
  0.000000000000000E+000,
  0.000000000000000E+000,
  0.000000000000000E+000,
  -3.70499714587990     ,
  0.000000000000000E+000,
  0.000000000000000E+000,
  -4.62708934843088     ,
 -0.960111380522272     ,
  -2.16760356607824     ,
  -2.58606033076789     ,
   1.59175033822352     ,
  0.000000000000000E+000,
  0.000000000000000E+000,
   2.95763715781276     ,
  0.000000000000000E+000,
  0.000000000000000E+000,
  -4.51748529980775     ,
  -1.97800043238025     ,
  -3.42393991987841     ,
  -3.87502739157616     ,
  0.734962937256019     ,
  0.000000000000000E+000,
  0.000000000000000E+000,
   1.74882307814988     ,
  0.000000000000000E+000,
  0.000000000000000E+000,
  -3.04519918116453     ,
  -3.93119124110712      ]
  },
  "driver": "energy",
  "model": {
    "method": "RHF",
    "basis": "PCSeg-0"
  },
  "keywords": {
    "scf":{
      "niter":1,
      "ndiis":0,
      "dele":1E-8,
      "rmsd":1E-6,
      "prec":"Float64",
      "direct":true,
      "debug":false
    }
  }
}
