{
  "molecule": {
    "geometry": [
      1.000000000000,  0.000000000000,   0.000000000000,
      0.000000000000,  0.000000000000,   0.000000000000
    ],
    "symbols": ["H", "H"],
    "molecular_charge":0,
    "enuc":0.5291772492,
"ovr":[    1.00000000000000     ,
  0.620827980650830     ,
   1.00000000000000     ,
  0.268975283238805     ,
  0.412816266918591     ,
   1.00000000000000     ,
  0.412816266918591     ,
  0.783441383548362     ,
  0.620827980650830     ,
   1.00000000000000      ],
"hcore":[  -0.819589404968767     ,
 -0.782528516894071     ,
 -0.828225406914628     ,
 -0.482439886242274     ,
 -0.580747794961130     ,
 -0.819589404968767     ,
 -0.580747794961130     ,
 -0.719924201080537     ,
 -0.782528516894071     ,
 -0.828225406914628      ]
  },
  "driver": "energy",
  "model": {
    "method": "RHF",
    "basis": "PCSeg-0"
  },
  "keywords": {
    "scf":{
      "niter":100,
      "ndiis":3,
      "dele":1E-8,
      "rmsd":1E-6,
      "prec":"Float64",
      "direct":true,
      "debug":true
    }
  }
}
