{
	"molecule": {
		"geometry": [
			1.000000000000,   0.000000000000,   0.000000000000,
		  0.000000000000,   0.000000000000,   0.000000000000
		],
		"symbols": ["H", "H"],
		"charge":0,

		"enuc":0.5291772492,
		"ovr":[   1.0000000000000016,
              0.62082798065083034,
              1.0000000000000020,
              0.26897528323880465,
              0.41281626691859086,
              1.0000000000000016,
              0.41281626691859091,
              0.78344138354836235,
              0.62082798065083034,
              1.0000000000000020 ],
		"hcore":[ -0.81958940496874289,
              -0.78252851689406044,
              -0.82822540691461688,
              -0.48243988624226830,
              -0.58074779496112239,
              -0.81958940496874311,
              -0.58074779496112239,
              -0.71992420108052746,
              -0.78252851689406033,
              -0.82822540691461688 ],
		"tei":[   1.0297203611876329,
              0.52626154024557348,
              0.28426148382787819,
              0.54452869638863910,
              0.31821908536548782,
              0.41717537517357978,
              0.21465312806253017,
              0.11811096396855071,
              0.13560073059561328,
              6.7235055940012792E-002,
              0.23458844714939364,
              0.13785790110394455,
              0.18002717981848135,
              8.4419351672819304E-002,
              0.12515827953354910,
              0.51795390582272194,
              0.31197186138481137,
              0.42468907124575633,
              0.21465312806253015,
              0.34326577871700703,
              1.0297203611876329,
              0.34326577871700714,
              0.18624835159495634,
              0.21009255286592540,
              8.4419351672819304E-002,
              0.10085007301989377,
              0.23458844714939364,
              0.12515827953354910,
              0.39874073816218897,
              0.23477615939344104,
              0.31401093209479680,
              0.11340725669240996,
              0.16110971181124162,
              0.39874073816218897,
              0.16110971181124162,
              0.25605406925166796,
              0.31197186138481142,
              0.18667772733500201,
              0.25460298294433686,
              0.11811096396855073,
              0.18624835159495637,
              0.52626154024557348,
              0.13785790110394452,
              0.23477615939344107,
              0.28426148382787819,
              0.42468907124575633,
              0.25460298294433681,
              0.35818430316351835,
              0.13560073059561328,
              0.21009255286592540,
              0.54452869638863910,
              0.18002717981848135,
              0.31401093209479680,
              0.31821908536548782,
              0.41717537517357978 ]
	},

	"driver": "energy",

	"model": {
		"method": "RHF",
		"basis": "PCSeg-0"
	},

	"keywords": {
		"scf":{
			"niter":50,
			"ndiis":3,
			"dele":1E-8,
			"rmsd":1E-6,
			"prec":"Float64",
			"direct":false,
			"debug":false
		}
	}
}
