{
	"molecule": {
		"geometry": [
      1.000  0.000  0.0
      0.000  0.000  0.0
		],
		"symbols": ["O", "H"],

    "charge":-1,

		"enuc":9.1939138264,
		"ovr":[   1.0000000000000018     ,
  0.35277044781236766     ,
   1.0000000000000018     ,
  0.16001521931575907     ,
  0.78388779745636861     ,
   1.0000000000000018     ,
  -8.5325382322026808E-017,
  -4.6279598991595779E-016,
   5.7373767786028210E-016,
   1.0000000000000018     ,
   0.0000000000000000     ,
   0.0000000000000000     ,
   0.0000000000000000     ,
   0.0000000000000000     ,
   1.0000000000000020     ,
   0.0000000000000000     ,
   0.0000000000000000     ,
   0.0000000000000000     ,
   0.0000000000000000     ,
   0.0000000000000000     ,
   1.0000000000000020     ,
   3.8921056910655906E-020,
  -4.6049579252237245E-016,
  -2.6175328842887190E-016,
  0.45855651466429342     ,
   0.0000000000000000     ,
   0.0000000000000000     ,
   1.0000000000000013     ,
   0.0000000000000000     ,
   0.0000000000000000     ,
   0.0000000000000000     ,
   0.0000000000000000     ,
  0.45855651466429365     ,
   0.0000000000000000     ,
   0.0000000000000000     ,
   1.0000000000000013     ,
   0.0000000000000000     ,
   0.0000000000000000     ,
   0.0000000000000000     ,
   0.0000000000000000     ,
   0.0000000000000000     ,
  0.45855651466429365     ,
   0.0000000000000000     ,
   0.0000000000000000     ,
   1.0000000000000013     ,
   2.9162945683151319E-002,
  0.23951422265534239     ,
  0.41301420229714575     ,
 -0.18030366802067768     ,
   0.0000000000000000     ,
   0.0000000000000000     ,
 -0.57719142462761697     ,
   0.0000000000000000     ,
   0.0000000000000000     ,
   1.0000000000000016     ,
   6.0612008263633346E-002,
  0.37196188782379264     ,
  0.66429075581243791     ,
  -8.0517762263509665E-002,
   0.0000000000000000     ,
   0.0000000000000000     ,
 -0.37123608526060886     ,
   0.0000000000000000     ,
   0.0000000000000000     ,
  0.62082798065083034     ,
   1.0000000000000020           ],
		"hcore":[     -32.428817101622244     ,
  -11.351488040539374     ,
  -11.130294888367445     ,
  -5.2012671736488132     ,
  -7.4826496148528676     ,
  -6.7290569751306952     ,
   2.1926608718640061E-002,
  0.12272275095302405     ,
   9.6221209108347486E-002,
  -8.2433560520421558     ,
   0.0000000000000000     ,
   0.0000000000000000     ,
   0.0000000000000000     ,
   0.0000000000000000     ,
  -8.1888888028714959     ,
   0.0000000000000000     ,
   0.0000000000000000     ,
   0.0000000000000000     ,
   0.0000000000000000     ,
   0.0000000000000000     ,
  -8.1888888028714959     ,
   3.2693357533294105E-003,
  0.11440874439773044     ,
  0.20672495158272375     ,
  -3.7521981871667052     ,
   0.0000000000000000     ,
   0.0000000000000000     ,
  -4.8126856504140729     ,
   0.0000000000000000     ,
   0.0000000000000000     ,
   0.0000000000000000     ,
   0.0000000000000000     ,
  -3.7049971458798501     ,
   0.0000000000000000     ,
   0.0000000000000000     ,
  -4.6270893484308244     ,
   0.0000000000000000     ,
   0.0000000000000000     ,
   0.0000000000000000     ,
   0.0000000000000000     ,
   0.0000000000000000     ,
  -3.7049971458798501     ,
   0.0000000000000000     ,
   0.0000000000000000     ,
  -4.6270893484308244     ,
 -0.96011138052226119     ,
  -2.1676035660782160     ,
  -2.5860603307678627     ,
   1.5917503382235034     ,
   0.0000000000000000     ,
   0.0000000000000000     ,
   2.9576371578127216     ,
   0.0000000000000000     ,
   0.0000000000000000     ,
  -4.5174852998076886     ,
  -1.9780004323802249     ,
  -3.4239399198783693     ,
  -3.8750273915761202     ,
  0.73496293725600959     ,
   0.0000000000000000     ,
   0.0000000000000000     ,
   1.7488230781498606     ,
   0.0000000000000000     ,
   0.0000000000000000     ,
  -3.0451991811644952     ,
  -3.9311912411070740       ],
		"tei":[   ]
	},

	"driver": "energy",

	"model": {
		"method": "RHF",
		"basis": "PCseg-0"
	},

	"keywords": {
		"scf":{
			"niter":50,
			"dele":1E-8,
			"rmsd":1E-6,
			"prec":"Float64",
			"direct":false,
			"debug":false
		}
	}
}
