{
  "molecule": {
    "geometry": [
      0.000000000000,  -0.143225816552,   0.000000000000,
      1.638036840407,   1.136548822547,  -0.000000000000,
     -1.638036840407,   1.136548822547,  -0.000000000000,
      0.000000000000,  1.143225816552,   0.000000000000
    ],
    "symbols": ["O", "H", "H", "O"],
    "molecular_charge":0,
    "enuc":35.7296895924,
"ovr":[    1.00000000000000     ,
  0.352770447812368     ,
   1.00000000000000     ,
  0.160015219315759     ,
  0.783887797456369     ,
   1.00000000000000     ,
  0.000000000000000E+000,
  0.000000000000000E+000,
  0.000000000000000E+000,
   1.00000000000000     ,
 -1.670659769204749E-018,
  0.000000000000000E+000,
  1.504629899721678E-017,
  0.000000000000000E+000,
   1.00000000000000     ,
  0.000000000000000E+000,
  0.000000000000000E+000,
  0.000000000000000E+000,
  0.000000000000000E+000,
  0.000000000000000E+000,
   1.00000000000000     ,
  0.000000000000000E+000,
  0.000000000000000E+000,
  0.000000000000000E+000,
  0.458556514664294     ,
  0.000000000000000E+000,
  0.000000000000000E+000,
   1.00000000000000     ,
 -2.976466763398028E-018,
  0.000000000000000E+000,
  0.000000000000000E+000,
  0.000000000000000E+000,
  0.458556514664294     ,
  0.000000000000000E+000,
  0.000000000000000E+000,
   1.00000000000000     ,
  0.000000000000000E+000,
  0.000000000000000E+000,
  0.000000000000000E+000,
  0.000000000000000E+000,
  0.000000000000000E+000,
  0.458556514664294     ,
  0.000000000000000E+000,
  0.000000000000000E+000,
   1.00000000000000     ,
  1.953493012853305E-005,
  2.698029216532445E-003,
  4.142633567727481E-002,
  9.871171046604190E-004,
  7.712204055504339E-004,
  0.000000000000000E+000,
  5.726728953044548E-002,
  4.474211017915432E-002,
  0.000000000000000E+000,
   1.00000000000000     ,
  1.226047864234870E-002,
  9.164350224050453E-002,
  0.226513428964737     ,
  2.932242863388764E-002,
  2.290919202593496E-002,
  0.000000000000000E+000,
  0.188152906226925     ,
  0.147001161220624     ,
  0.000000000000000E+000,
  0.620827980650830     ,
   1.00000000000000     ,
  1.953493012853305E-005,
  2.698029216532445E-003,
  4.142633567727481E-002,
 -9.871171046604190E-004,
  7.712204055504339E-004,
  0.000000000000000E+000,
 -5.726728953044548E-002,
  4.474211017915432E-002,
  0.000000000000000E+000,
  2.561613242904639E-006,
  7.859047168949312E-003,
   1.00000000000000     ,
  1.226047864234870E-002,
  9.164350224050453E-002,
  0.226513428964737     ,
 -2.932242863388764E-002,
  2.290919202593496E-002,
  0.000000000000000E+000,
 -0.188152906226925     ,
  0.147001161220624     ,
  0.000000000000000E+000,
  7.859047168949312E-003,
  7.284638826789730E-002,
  0.620827980650830     ,
   1.00000000000000     ,
  3.298893316346467E-011,
  3.176212842558368E-003,
  3.393843631226509E-002,
  0.000000000000000E+000,
  5.094016110060451E-004,
  0.000000000000000E+000,
  0.000000000000000E+000,
  7.120985169592339E-002,
  0.000000000000000E+000,
  7.150236330839784E-004,
  2.696381503373831E-002,
  7.150236330839784E-004,
  2.696381503373831E-002,
   1.00000000000000     ,
  3.176212842558368E-003,
  7.651974481786580E-002,
  0.232135255253171     ,
  0.000000000000000E+000,
  5.879339713742213E-002,
  0.000000000000000E+000,
  0.000000000000000E+000,
  0.399003514392115     ,
  0.000000000000000E+000,
  2.433439820495586E-002,
  0.182868398675596     ,
  2.433439820495586E-002,
  0.182868398675596     ,
  0.352770447812368     ,
   1.00000000000000     ,
  3.393843631226509E-002,
  0.232135255253171     ,
  0.450587284622693     ,
  0.000000000000000E+000,
  0.113400880341942     ,
  0.000000000000000E+000,
  0.000000000000000E+000,
  0.496173776878224     ,
  0.000000000000000E+000,
  0.128446223556627     ,
  0.385061431734437     ,
  0.128446223556627     ,
  0.385061431734437     ,
  0.160015219315759     ,
  0.783887797456369     ,
   1.00000000000000     ,
  0.000000000000000E+000,
  0.000000000000000E+000,
  0.000000000000000E+000,
  5.086531383106813E-003,
  0.000000000000000E+000,
  0.000000000000000E+000,
  7.897778936794475E-002,
  0.000000000000000E+000,
  0.000000000000000E+000,
  1.607332310993224E-002,
  6.154935721050496E-002,
 -1.607332310993224E-002,
 -6.154935721050496E-002,
  0.000000000000000E+000,
  0.000000000000000E+000,
  0.000000000000000E+000,
   1.00000000000000     ,
 -5.094016110060442E-004,
 -5.879339713742211E-002,
 -0.113400880341942     ,
  0.000000000000000E+000,
 -4.618364000975514E-002,
  0.000000000000000E+000,
  0.000000000000000E+000,
 -0.198603449691659     ,
  0.000000000000000E+000,
 -6.551835672925413E-005,
 -2.508885508362964E-004,
 -6.551835672925413E-005,
 -2.508885508362964E-004,
  1.486260900364772E-016,
 -6.639170705097218E-016,
  0.000000000000000E+000,
  0.000000000000000E+000,
   1.00000000000000     ,
  0.000000000000000E+000,
  0.000000000000000E+000,
  0.000000000000000E+000,
  0.000000000000000E+000,
  0.000000000000000E+000,
  5.086531383106813E-003,
  0.000000000000000E+000,
  0.000000000000000E+000,
  7.897778936794475E-002,
  0.000000000000000E+000,
  0.000000000000000E+000,
  0.000000000000000E+000,
  0.000000000000000E+000,
  0.000000000000000E+000,
  0.000000000000000E+000,
  0.000000000000000E+000,
  0.000000000000000E+000,
  0.000000000000000E+000,
   1.00000000000000     ,
  0.000000000000000E+000,
  0.000000000000000E+000,
  0.000000000000000E+000,
  7.897778936794476E-002,
  0.000000000000000E+000,
  0.000000000000000E+000,
  0.347240317975181     ,
  0.000000000000000E+000,
  0.000000000000000E+000,
  0.226696287181523     ,
  0.335550347807216     ,
 -0.226696287181523     ,
 -0.335550347807216     ,
  0.000000000000000E+000,
  0.000000000000000E+000,
  0.000000000000000E+000,
  0.458556514664294     ,
  0.000000000000000E+000,
  0.000000000000000E+000,
   1.00000000000000     ,
 -7.120985169592339E-002,
 -0.399003514392116     ,
 -0.496173776878224     ,
  0.000000000000000E+000,
 -0.198603449691660     ,
  0.000000000000000E+000,
  0.000000000000000E+000,
 -0.387338365757767     ,
  0.000000000000000E+000,
 -9.240633135520273E-004,
 -1.367776111877706E-003,
 -9.240633135520273E-004,
 -1.367776111877706E-003,
  7.784211382131181E-020,
  0.000000000000000E+000,
  0.000000000000000E+000,
  0.000000000000000E+000,
  0.458556514664294     ,
  0.000000000000000E+000,
  0.000000000000000E+000,
   1.00000000000000     ,
  0.000000000000000E+000,
  0.000000000000000E+000,
  0.000000000000000E+000,
  0.000000000000000E+000,
  0.000000000000000E+000,
  7.897778936794478E-002,
  0.000000000000000E+000,
  0.000000000000000E+000,
  0.347240317975181     ,
  0.000000000000000E+000,
  0.000000000000000E+000,
  0.000000000000000E+000,
  0.000000000000000E+000,
  0.000000000000000E+000,
  0.000000000000000E+000,
  0.000000000000000E+000,
  0.000000000000000E+000,
  0.000000000000000E+000,
  0.458556514664294     ,
  0.000000000000000E+000,
  0.000000000000000E+000,
   1.00000000000000      ],