{
  "molecule": {
    "geometry": [
      1.000000000000,   0.000000000000,   0.000000000000,
      0.000000000000,   0.000000000000,   0.000000000000
    ],
    "symbols": ["H", "H"],
    "molecular_charge":0,
    "enuc":4.2346705892, 
"ovr":[    1.00000000000000     ,
  0.684860251492752     ,
   1.00000000000000     ,
 -3.800420472088530E-018,
  0.000000000000000E+000,
   1.00000000000000     ,
  0.000000000000000E+000,
  0.000000000000000E+000,
  0.000000000000000E+000,
   1.00000000000000     ,
  0.000000000000000E+000,
  0.000000000000000E+000,
  0.000000000000000E+000,
  0.000000000000000E+000,
   1.00000000000000     ,
  0.375128505895877     ,
  0.482841444740867     ,
 -0.427356011230744     ,
  0.000000000000000E+000,
  0.000000000000000E+000,
   1.00000000000000     ,
  0.482841444740867     ,
  0.804258195376639     ,
 -0.187383933591377     ,
  0.000000000000000E+000,
  0.000000000000000E+000,
  0.684860251492752     ,
   1.00000000000000     ,
  0.427356011230744     ,
  0.187383933591377     ,
 -0.435840564317440     ,
  0.000000000000000E+000,
  0.000000000000000E+000,
  0.000000000000000E+000,
  0.000000000000000E+000,
   1.00000000000000     ,
  0.000000000000000E+000,
  0.000000000000000E+000,
  0.000000000000000E+000,
  0.273055044421971     ,
  0.000000000000000E+000,
  0.000000000000000E+000,
  0.000000000000000E+000,
  0.000000000000000E+000,
   1.00000000000000     ,
  0.000000000000000E+000,
  0.000000000000000E+000,
  0.000000000000000E+000,
  0.000000000000000E+000,
  0.273055044421971     ,
  0.000000000000000E+000,
  0.000000000000000E+000,
  0.000000000000000E+000,
  0.000000000000000E+000,
   1.00000000000000      ],
"hcore":[  -0.933466388559572     ,
 -0.796676814148752     ,
 -0.804705295622640     ,
  0.169986500795687     ,
  0.147319861249470     ,
  0.289149055927411     ,
  0.000000000000000E+000,
  0.000000000000000E+000,
  0.000000000000000E+000,
  0.432078803844335     ,
  0.000000000000000E+000,
  0.000000000000000E+000,
  0.000000000000000E+000,
  0.000000000000000E+000,
  0.432078803844335     ,
 -0.579979643765337     ,
 -0.621184258840935     ,
  0.468394176814796     ,
  0.000000000000000E+000,
  0.000000000000000E+000,
 -0.933466388559572     ,
 -0.621184258840935     ,
 -0.709689146442090     ,
  0.278253932489355     ,
  0.000000000000000E+000,
  0.000000000000000E+000,
 -0.796676814148752     ,
 -0.804705295622640     ,
 -0.468394176814796     ,
 -0.278253932489355     ,
 -0.110843203264914     ,
  0.000000000000000E+000,
  0.000000000000000E+000,
 -0.169986500795687     ,
 -0.147319861249470     ,
  0.289149055927411     ,
  0.000000000000000E+000,
  0.000000000000000E+000,
  0.000000000000000E+000,
 -0.156841430458888     ,
  0.000000000000000E+000,
  0.000000000000000E+000,
  0.000000000000000E+000,
  0.000000000000000E+000,
  0.432078803844335     ,
  0.000000000000000E+000,
  0.000000000000000E+000,
  0.000000000000000E+000,
  0.000000000000000E+000,
 -0.156841430458888     ,
  0.000000000000000E+000,
  0.000000000000000E+000,
  0.000000000000000E+000,
  0.000000000000000E+000,
  0.432078803844335      ]
  },
  "driver": "energy",
  "model": {
    "method": "RHF",
    "basis": "cc-pVDZ"
  },
  "keywords": {
    "scf":{
      "niter":100,
      "ndiis":8,
      "dele":1E-8,
      "rmsd":1E-6,
      "prec":"Float64",
      "direct":true,
      "debug":false
    }
  }
}
