{
  "molecule": {
    "geometry": [
      0.000000000000,  -0.143225816552,   0.000000000000,
      1.638036840407,   1.136548822547,  -0.000000000000,
     -1.638036840407,   1.136548822547,  -0.000000000000
    ],
    "symbols": ["O", "H", "H"],
    "molecular_charge":0,
    "enuc":4.2346705892, 
"ovr":[    1.00000000000000     ,
  0.236703920545908     ,
   1.00000000000000     ,
  0.000000000000000E+000,
  0.000000000000000E+000,
   1.00000000000000     ,
  4.064948935624606E-017,
 -5.688577104304940E-018,
  0.000000000000000E+000,
   1.00000000000000     ,
  0.000000000000000E+000,
  0.000000000000000E+000,
  0.000000000000000E+000,
  0.000000000000000E+000,
   1.00000000000000     ,
  4.108623164144787E-003,
  6.448831112291237E-002,
  5.727850691632652E-002,
  4.475087416151016E-002,
  0.000000000000000E+000,
   1.00000000000000     ,
  4.108623164144786E-003,
  6.448831112291234E-002,
 -5.727850691632651E-002,
  4.475087416151015E-002,
  0.000000000000000E+000,
  1.002091773293279E-002,
   1.00000000000000      ],
"hcore":[   -32.1243979587796     ,
  -7.47160617782794     ,
  -8.75293306946449     ,
  3.794707603699266E-019,
  0.000000000000000E+000,
  -6.96832332328643     ,
 -4.053087339301470E-003,
 -5.116365411022385E-002,
  0.000000000000000E+000,
  -6.96120948438453     ,
  0.000000000000000E+000,
  0.000000000000000E+000,
  0.000000000000000E+000,
  0.000000000000000E+000,
  -6.95006364432651     ,
 -0.130913534635049     ,
 -0.407227583151443     ,
 -0.295821132387824     ,
 -0.233805525032902     ,
  0.000000000000000E+000,
  -2.66417919488985     ,
 -0.130913534635049     ,
 -0.407227583151443     ,
  0.295821132387824     ,
 -0.233805525032902     ,
  0.000000000000000E+000,
 -4.200280991606661E-002,
  -2.66417919488985      ]
  },
  "driver": "energy",
  "model": {
    "method": "RHF",
    "basis": "STO-3G"
  },
  "keywords": {
    "scf":{
      "niter":100,
      "ndiis":8,
      "dele":1E-8,
      "rmsd":1E-6,
      "prec":"Float64",
      "direct":true,
      "debug":false
    }
  }
}
