{
	"molecule": {
		"geometry": [
      1.000,  0.000,  0.0,
      0.000,  0.000,  0.0
		],
		"symbols": ["O", "H"],

    "molecular_charge":-1,

		"enuc":4.2334179939,
    "ovr":[    1.00000000000000     ,
  0.236703920545908     ,
   1.00000000000000     ,
 -5.201769456466734E-017,
 -7.109083500960921E-017,
   1.00000000000000     ,
  0.000000000000000E+000,
  0.000000000000000E+000,
  0.000000000000000E+000,
   1.00000000000000     ,
  0.000000000000000E+000,
  0.000000000000000E+000,
  0.000000000000000E+000,
  0.000000000000000E+000,
   1.00000000000000     ,
  4.875181293995332E-002,
  0.447146940894353     ,
 -0.378203496970866     ,
  0.000000000000000E+000,
  0.000000000000000E+000,
   1.00000000000000      ],
    "hcore":[   -32.1444323698629     ,
      -7.47634840147701     ,
      -8.76763311985718     ,
      1.422319059872120E-002,
      0.169721882066115     ,
      -7.04958222578898     ,
      0.000000000000000E+000,
      0.000000000000000E+000,
      0.000000000000000E+000,
      -6.93643183538796     ,
      0.000000000000000E+000,
      0.000000000000000E+000,
      0.000000000000000E+000,
      0.000000000000000E+000,
      -6.93643183538796     ,
      -1.55265819734927     ,
      -3.27512143193456     ,
      2.33418685573928     ,
      0.000000000000000E+000,
      0.000000000000000E+000,
      -4.56989833307650      ]
  },

	"driver": "energy",

	"model": {
		"method": "RHF",
		"basis": "STO-3G"
	},

	"keywords": {
		"scf":{
			"niter":50,
			"ndiis":3,
			"dele":1E-8,
			"rmsd":1E-6,
			"prec":"Float64",
			"direct":true,
			"debug":false
		}
  }
}
