{
	"molecule": {
		"geometry": [
			1.000000000000,   0.000000000000,   0.000000000000,
		  0.000000000000,   0.000000000000,   0.000000000000
		],
		"symbols": ["H", "H"],
		"molecular_charge":0,

		"enuc":0.5291772492,
		"ovr":[  1.0000000000000016,
             0.496484732919543,
             1.0000000000000020 ],
		"hcore":[ -0.979496410720946,
              -0.682865000102590,
              -0.979496410720945 ]
	},

	"driver": "energy",

	"model": {
		"method": "RHF",
		"basis": "STO-3G"
	},

	"keywords": {
		"scf":{
			"niter":50,
			"ndiis":1,
			"dele":1E-8,
			"rmsd":1E-6,
			"prec":"Float64",
			"direct":true,
			"debug":false
		}
	}
}
