{
	"molecule": {
		"geometry": [
       0.000,  0.000,  0.0,
       0.757,  0.586,  0.0,
      -0.757,  0.586,  0.0
		],
		"symbols": ["O", "H", "H"],
		"enuc":9.1939138264,
		"ovr":[      1.0000000000000018,
  0.23670392054590825,
   1.0000000000000016,
   0.0000000000000000,
   0.0000000000000000,
   1.0000000000000016,
   0.0000000000000000,
   0.0000000000000000,
   0.0000000000000000,
   1.0000000000000016,
   0.0000000000000000,
   0.0000000000000000,
   0.0000000000000000,
   0.0000000000000000,
   1.0000000000000018,
   5.3963378198649548E-002,
  0.47473363779493527,
  0.31109398023747120,
  0.24082043912702530,
   0.0000000000000000,
   1.0000000000000020,
   5.3963378198649548E-002,
  0.47473363779493527,
 -0.31109398023747120,
  0.24082043912702530,
   0.0000000000000000,
  0.25168087904861014,
   1.0000000000000020 ],
		"hcore":[  -32.720804021210100,
  -7.6127778310399581,
  -9.3347101594337172,
   0.0000000000000000,
   0.0000000000000000,
  -7.6138407418906890,
  -1.9000500119280658E-002,
 -0.22350153567851291,
   0.0000000000000000,
  -7.5512131955706341,
   0.0000000000000000,
   0.0000000000000000,
   0.0000000000000000,
   0.0000000000000000,
  -7.4575673520757935,
  -1.7491037818673427,
  -3.7406721771606266,
  -2.0298449169576056,
  -1.6442928640406174,
   0.0000000000000000,
  -5.0762611887117961,
  -1.7491037818673427,
  -3.7406721771606266,
   2.0298449169576056,
  -1.6442928640406174,
   0.0000000000000000,
  -1.6080229141583715,
  -5.0762611887117961 ],
		"tei":[   4.7850657520351030,
  0.74138032079440830,
  0.13687336732708488,
   2.4477410773376007E-002,
   2.4477410773376007E-002,
   2.4477410773376007E-002,
   1.1189468404381628,
   1.1158138185631885,
   1.1158138185631885,
   1.1158138185631885,
  0.25663337131838260,
   3.7808605844396923E-002,
  0.25668396929307058,
   3.7808605844396923E-002,
  0.25668396929307058,
   3.7808605844396923E-002,
  0.25668396929307058,
  0.81720629581582283,
  0.18051838762551423,
  0.81702259106671926,
  0.88015908959879363,
  0.18051838762551423,
   4.7444444360526590E-002,
  0.81702259106671926,
  0.78527020087774047,
  0.88015908959879363,
  0.18051838762551423,
   4.7444444360526590E-002,
   4.7444444360526590E-002,
  0.81702259106671926,
  0.78527020087774047,
  0.78527020087774047,
  0.88015908959879363,
  0.17175027522367925,
   3.1426309153090332E-002,
   1.1427629417355718E-003,
   8.8462230364206760E-004,
   5.8496126187152511E-002,
   2.1330143609319674E-003,
   5.8597812816787311E-002,
   1.6511841684361073E-003,
   1.6449841380677954E-004,
   5.8512651897255907E-002,
   5.8385312306118826E-002,
   7.3090600483059123E-003,
  0.40356869143688134,
  0.22493720305316919,
  0.17412576088395926,
   9.3656474499480863E-002,
   5.5372258832824886E-003,
   4.2864126388421917E-003,
   5.2894432342610341E-002,
   1.2722841761488489E-002,
   2.1303035004209669E-003,
   4.0946020281069577E-002,
   2.1303035004209669E-003,
   1.1619982464681496E-002,
   9.9708967959276154E-003,
  0.32852928418638461,
   4.1693853876200379E-002,
  0.33311777125185416,
   3.2275559275367807E-002,
   7.7768838260457995E-003,
  0.32909167420697405,
  0.32307152371547754,
  0.19817540755572280,
   8.1353103609411795E-002,
  0.21252462715224082,
   1.8529064779203203E-002,
   1.1357453666473241E-002,
  0.19266955105296951,
  0.18911426447218796,
  0.15340923226902720,
   1.8529064779203203E-002,
  0.15098767675195729,
   7.1760596556381492E-002,
   1.2293989831618987E-002,
  0.16267650875432182,
  0.14639492599828555,
   5.7417093305901869E-002,
   8.7387032508374502E-003,
   6.7647029128015141E-003,
   2.1895851478274164E-002,
   1.2931738031657541E-002,
   1.0010566032432392E-002,
  0.16134969855197978,
  0.11822142264564359,
  0.10908981988849249,
   9.1516187147090033E-002,
   6.6308293937103885E-002,
   7.4761979555180866E-002,
   2.3432177379298588E-002,
  0.53193568099444200,
  0.12545447580778357,
   9.9079657403183547E-003,
   7.6698387368910933E-003,
  0.50323739824271529,
  0.10164741712882093,
  0.52080696657006942,
   7.8686111542257686E-002,
   2.9467822333320407E-002,
  0.50555145869969453,
  0.48274017219067766,
   2.9617177912157056E-002,
  0.30629627146378435,
  0.25638827178750540,
  0.19847229493722351,
  0.77460594419367190,
  0.17175027522367925,
   3.1426309153090332E-002,
  -1.1427629417355718E-003,
   8.8462230364206760E-004,
   5.8496126187152511E-002,
  -2.1330143609319674E-003,
   5.8597812816787311E-002,
   1.6511841684361073E-003,
  -1.6449841380677954E-004,
   5.8512651897255907E-002,
   5.8385312306118826E-002,
   7.1959180847217998E-003,
   2.1210205981838488E-002,
   1.1411696687766001E-002,
   9.7030803292629010E-003,
   2.8339460120789202E-002,
   7.3090600483059123E-003,
  0.40356869143688134,
 -0.22493720305316919,
  0.17412576088395926,
   9.3656474499480863E-002,
  -5.5372258832824886E-003,
   4.2864126388421917E-003,
  -5.2894432342610341E-002,
   1.2722841761488489E-002,
  -2.1303035004209669E-003,
   4.0946020281069577E-002,
  -2.1303035004209669E-003,
   1.1619982464681496E-002,
   9.9708967959276154E-003,
  0.32852928418638461,
  -4.1693853876200379E-002,
  0.33311777125185416,
   3.2275559275367807E-002,
  -7.7768838260457995E-003,
  0.32909167420697405,
  0.32307152371547754,
 -0.19817540755572280,
   8.1353103609411795E-002,
 -0.21252462715224082,
  -1.8529064779203203E-002,
   1.1357453666473241E-002,
 -0.19266955105296951,
 -0.18911426447218796,
  0.15340923226902720,
  -1.8529064779203203E-002,
  0.15098767675195729,
   7.1760596556381492E-002,
  -1.2293989831618987E-002,
  0.16267650875432182,
  0.14639492599828555,
   5.7417093305901869E-002,
  -8.7387032508374502E-003,
   6.7647029128015141E-003,
   2.1210205981838488E-002,
  -1.1411696687766001E-002,
   9.7030803292629010E-003,
  0.13199691018668222,
   6.6396853911508527E-002,
   7.2828018374659104E-002,
  -6.6396853911508527E-002,
  -1.5258974963299803E-002,
  -3.5776584677051644E-002,
   7.2828018374659131E-002,
   3.5776584677051651E-002,
   5.8138529569543733E-002,
   1.8571575689557491E-002,
  0.20732588586940365,
  -9.1468318384690731E-002,
  0.12556588435903268,
   2.1895851478274164E-002,
  -1.2931738031657541E-002,
   1.0010566032432392E-002,
  0.16134969855197978,
 -0.11822142264564359,
  0.10908981988849249,
   9.1516187147090033E-002,
  -6.6308293937103885E-002,
   7.4761979555180866E-002,
   2.3432177379298588E-002,
  0.16073084176592559,
   3.7627081534608739E-002,
   2.7383118136801460E-003,
  0.14262755520895520,
  0.14217157620667562,
   2.4227860370085313E-002,
  0.14619246632526434,
  0.13936688506362344,
   8.7070328338182974E-003,
   6.9152007538805266E-002,
   4.3622250126352125E-002,
   4.4089811461679201E-002,
  0.13441106020079194,
   8.7070328338182974E-003,
   6.9152007538805266E-002,
  -4.3622250126352125E-002,
   4.4089811461679201E-002,
   3.5842012388672961E-002,
  0.53193568099444200,
  0.12545447580778357,
  -9.9079657403183547E-003,
   7.6698387368910933E-003,
  0.50323739824271529,
 -0.10164741712882093,
  0.52080696657006942,
   7.8686111542257686E-002,
  -2.9467822333320407E-002,
  0.50555145869969453,
  0.48274017219067766,
   2.8339460120789205E-002,
  0.20732588586940365,
   9.1468318384690731E-002,
  0.12556588435903268,
  0.34292486252155402,
   2.9617177912157056E-002,
  0.30629627146378435,
 -0.25638827178750540,
  0.19847229493722351,
  0.13441106020079194,
  0.77460594419367190 ]
	},

	"driver": "energy",

	"model": {
		"method": "RHF",
		"basis": "STO-3G"
	},

	"keywords": {
		"scf":{
			"niter":50,
			"dele":1E-8,
			"rmsd":1E-6,
			"prec":"Float64",
			"direct":false,
			"debug":false
		}
	}
}
