{
	"molecule": {
		"geometry": [
			0.000000000000,   0.000000000000,   0.000000000000,
		  1.000000000000,   0.000000000000,   0.000000000000
		],
		"symbols": ["H", "H"],
		"enuc":0.5291772492,
		"ovr":[ 1.0000000000000018,
		        0.49648473291954298,
		        1.0000000000000016 ],
		"hcore":[ -0.97949641072092641,
							-0.68286500010258189,
							-0.97949641072092641 ],
		"tei":[ 0.77460594419367190,
						0.30930900073679668,
						0.15786580791519622,
						0.47804139741891638,
						0.30930900073679657,
						0.77460594419367190 ]
	},

	"driver": "energy",

	"model": {
		"method": "RHF",
		"basis": "STO-3G"
	},

	"keywords": {
		"scf":{
			"niter":50,
			"dele":1E-8,
			"rmsd":1E-6,
			"prec":"Float64",
			"direct":false,
			"debug":false
		}
	}
}
