{"return_result":-75.53390474714979,"success":true,"properties":{"scf_total_energy":-75.53390474714979,"nuclear_repulsion_energy":4.2346705892,"scf_iterations":60,"return_energy":-75.53390474714979}}