{"return_result":-75.5339047471499,"success":true,"properties":{"scf_total_energy":-75.5339047471499,"nuclear_repulsion_energy":4.2346705892,"scf_iterations":60,"return_energy":-75.5339047471499}}