{"return_result":-75.53390476183125,"success":true,"properties":{"scf_total_energy":-75.53390476183125,"nuclear_repulsion_energy":4.2346705892,"scf_iterations":34,"return_energy":-75.53390476183125}}