{"return_result":-75.0889470425749,"success":true,"properties":{"scf_total_energy":-75.0889470425749,"nuclear_repulsion_energy":4.2334179939,"scf_iterations":40,"return_energy":-75.0889470425749}}