{"Core Hamiltonian":[[-32.57739541261033,-7.578832816647488,0.0,-0.014473835903318,0.0,-1.240102256333302,-1.240102256333303],[-7.578832816647488,-9.20094327192934,0.0,-0.176890246723779,0.0,-2.906709830220527,-2.906709830220527],[0.0,0.0,-7.458819309224371,0.0,0.0,-1.6751501447186712,1.675150144718672],[-0.014473835903318,-0.176890246723779,0.0,-7.415311754245677,0.0,-1.3568682579595641,-1.3568682579595641],[0.0,0.0,0.0,0.0,-7.347144867731366,0.0,1.0e-15],[-1.240102256333302,-2.906709830220527,-1.6751501447186712,-1.3568682579595641,0.0,-4.540171070273183,-1.071145883317951],[-1.240102256333303,-2.906709830220527,1.675150144718672,-1.3568682579595641,1.0e-15,-1.071145883317951,-4.540171070273184]]}{"Orthogonalization Matrix":[[1.0236345786437149,-0.13685468056658898,2.5165040589923306e-17,-0.007487256134000385,8.105296429491435e-17,0.01902788647731445,0.019027886477314387],[-0.13685468056658895,1.1578631969246134,-6.240443341883437e-16,0.07216006803679541,2.5285808316299833e-17,-0.2223325555721434,-0.22233255557214485],[2.5165040589923072e-17,-6.240443341883437e-16,1.0733147513478078,-1.6605414257584345e-16,-7.05001599658901e-17,-0.1757583051625568,0.1757583051625566],[-0.007487256134000455,0.07216006803679552,-1.6605414257584348e-16,1.0383050470597082,5.736415648505656e-17,-0.1184625594808727,-0.118462559480873],[8.105296429491414e-17,2.528580831629982e-17,-7.05001599658901e-17,5.73641564850567e-17,1.0,-6.078018439349695e-17,-8.210291087452071e-17],[0.019027886477314446,-0.2223325555721434,-0.17575830516255678,-0.11846255948087275,-6.078018439349698e-17,1.129723419146232,-0.06259751075499285],[0.019027886477314404,-0.22233255557214487,0.1757583051625567,-0.11846255948087302,-8.210291087452078e-17,-0.06259751075499284,1.129723419146232]]}{"Initial Fock Matrix":[[-32.25458661771016,-2.791490942196652,3.046961850003518e-15,0.008610981194659488,-3.22711494344796e-15,-0.1812966503720168,-0.1812966503720067],[-2.791490942196649,-8.236889124504398,8.362641237505598e-15,-0.22829257340461928,-6.395449401747644e-16,-0.38579868259381,-0.3857986825937929],[3.0603237610857883e-15,8.412145435533966e-15,-7.542889038317311,2.2705249336217913e-15,1.1912832256478762e-15,-0.11321206022679788,0.113212060226802],[0.008610981194659549,-0.22829257340461914,2.27614080952415e-15,-7.45702948995345,-8.334579446253313e-16,-0.11021959970707224,-0.11021959970706906],[-3.227114943447961e-15,-6.395449401747642e-16,1.1912832256478762e-15,-8.334579446253314e-16,-7.347144867731366,6.293482693881385e-16,1.9571915098471194e-15],[-0.18129665037201714,-0.3857986825938105,-0.11321206022679837,-0.11021959970707233,6.293482693881384e-16,-4.032954696229748,-0.044646598453139],[-0.18129665037200698,-0.38579868259379246,0.11321206022680207,-0.11021959970706921,1.9571915098471194e-15,-0.044646598453138966,-4.032954696229744]]}{"Initial Density Matrix":[[1.0650117143277504,-0.2852165854419875,2.976757223031335e-16,-0.019553369676394497,1.8965194723015463e-16,0.033449559807627795,0.03344955980762904],[-0.2852165854419875,1.2489656984772468,-2.0885210382132684e-15,0.11355938709570484,3.8149706221489987e-16,-0.14428093241128817,-0.14428093241129616],[2.976757223031335e-16,-2.0885210382132684e-15,1.1258700552266887,-4.2771521106073255e-16,-1.544721546815502e-16,-0.1461316510482792,0.1461316510482784],[-0.019553369676394497,0.11355938709570484,-4.2771521106073255e-16,1.0660637654500522,2.1664026237700225e-16,-0.09935832000160007,-0.09935832000160186],[1.8965194723015463e-16,3.8149706221489987e-16,-1.544721546815502e-16,2.1664026237700225e-16,1.0,-4.986425307650222e-16,-7.630791166882822e-16],[0.033449559807627795,-0.14428093241128817,-0.1461316510482792,-0.09935832000160007,-4.986425307650222e-16,0.0426801604296048,0.00474601458575637],[0.03344955980762904,-0.14428093241129616,0.1461316510482784,-0.09935832000160186,-7.630791166882822e-16,0.00474601458575637,0.042680160429606484]]}{"Fock Matrix":[[-25.602586515140427,-4.865799641249388,-0.0019178972935017915,-0.008804422991427387,-2.4192266491382203e-16,-0.790252191214273,-0.8023462935119814],[-4.865799641249388,-5.450738138456683,0.006105349861589213,-0.17303145072588014,6.408417882303307e-17,-0.4477079594676523,-0.5762426987464742],[-0.0019178972935017915,0.006105349861589213,-3.5922261308851193,0.01567440982090882,1.6338605040330336e-16,-0.0681995656054335,1.6661463361499937],[-0.008804422991427387,-0.17303145072588014,0.01567440982090882,-3.528767776880655,-2.424276901527634e-19,-0.10358183131131016,-0.20992342739628844],[-2.4192266491382203e-16,6.408417882303307e-17,1.6338605040330336e-16,-2.424276901527634e-19,-3.4609277430867325,2.0330400412056092e-16,1.2518114901977156e-15],[-0.790252191214273,-0.4477079594676523,-0.0681995656054335,-0.10358183131131016,2.0330400412056092e-16,-2.2862168622201686,-0.19231400506123797],[-0.8023462935119814,-0.5762426987464742,1.6661463361499937,-0.20992342739628844,1.2518114901977156e-15,-0.19231400506123797,-2.310733736692756]],"Density Matrix":[[1.0650117143277504,-0.2852165854419875,2.976757223031335e-16,-0.019553369676394497,1.8965194723015463e-16,0.033449559807627795,0.03344955980762904],[-0.2852165854419875,1.2489656984772468,-2.0885210382132684e-15,0.11355938709570484,3.8149706221489987e-16,-0.14428093241128817,-0.14428093241129616],[2.976757223031335e-16,-2.0885210382132684e-15,1.1258700552266887,-4.2771521106073255e-16,-1.544721546815502e-16,-0.1461316510482792,0.1461316510482784],[-0.019553369676394497,0.11355938709570484,-4.2771521106073255e-16,1.0660637654500522,2.1664026237700225e-16,-0.09935832000160007,-0.09935832000160186],[1.8965194723015463e-16,3.8149706221489987e-16,-1.544721546815502e-16,2.1664026237700225e-16,1.0,-4.986425307650222e-16,-7.630791166882822e-16],[0.033449559807627795,-0.14428093241128817,-0.1461316510482792,-0.09935832000160007,-4.986425307650222e-16,0.0426801604296048,0.00474601458575637],[0.03344955980762904,-0.14428093241129616,0.1461316510482784,-0.09935832000160186,-7.630791166882822e-16,0.00474601458575637,0.042680160429606484]],"SCF Iteration":1}