{"Core Hamiltonian":[[-32.57739541261033,-7.578832816647488,0.0,-0.014473835903318,0.0,-1.240102256333302,-1.240102256333303],[-7.578832816647488,-9.20094327192934,0.0,-0.176890246723779,0.0,-2.906709830220527,-2.906709830220527],[0.0,0.0,-7.458819309224371,0.0,0.0,-1.6751501447186712,1.675150144718672],[-0.014473835903318,-0.176890246723779,0.0,-7.415311754245677,0.0,-1.3568682579595641,-1.3568682579595641],[0.0,0.0,0.0,0.0,-7.347144867731366,0.0,1.0e-15],[-1.240102256333302,-2.906709830220527,-1.6751501447186712,-1.3568682579595641,0.0,-4.540171070273183,-1.071145883317951],[-1.240102256333303,-2.906709830220527,1.675150144718672,-1.3568682579595641,1.0e-15,-1.071145883317951,-4.540171070273184]]}{"Orthogonalization Matrix":[[1.023634578643715,-0.13685468056658906,-1.1605986915867963e-17,-0.007487256134000406,-1.3042038172663501e-17,0.019027886477314265,0.019027886477314335],[-0.13685468056658906,1.1578631969246134,-4.620280698093622e-16,0.07216006803679552,8.22875491310007e-17,-0.22233255557214335,-0.2223325555721448],[-1.1605986915867963e-17,-4.620280698093627e-16,1.0733147513478078,-1.0111893985194772e-16,5.964339634912108e-18,-0.1757583051625564,0.1757583051625564],[-0.007487256134000406,0.07216006803679557,-1.0111893985194816e-16,1.038305047059708,8.216663005938676e-17,-0.11846255948087292,-0.11846255948087292],[-1.3042038172663501e-17,8.22875491310008e-17,5.964339634912108e-18,8.216663005938676e-17,1.0,-3.627139230978984e-17,-1.4289955564953764e-16],[0.019027886477314265,-0.2223325555721434,-0.17575830516255633,-0.11846255948087292,-3.6271392309789936e-17,1.1297234191462318,-0.0625975107549927],[0.019027886477314362,-0.22233255557214476,0.17575830516255644,-0.11846255948087285,-1.4289955564953764e-16,-0.06259751075499279,1.1297234191462318]]}{"Initial Fock Matrix":[[-32.254586617710174,-2.791490942196648,3.4243441415782172e-15,0.008610981194658016,1.6766218741173223e-16,-0.18129665037200987,-0.18129665037200565],[-2.791490942196647,-8.236889124504396,5.384581669432009e-15,-0.22829257340462064,-1.1082165194074589e-15,-0.38579868259380967,-0.38579868259379346],[3.4416913763379853e-15,5.440092820663267e-15,-7.542889038317313,1.4432899320127035e-15,-3.900025670998282e-17,-0.113212060226803,0.11321206022680419],[0.008610981194658043,-0.22829257340462047,1.4155343563970746e-15,-7.457029489953446,-1.1682610095619173e-15,-0.11021959970707013,-0.11021959970707046],[1.6766218741173228e-16,-1.1082165194074589e-15,-3.900025670998284e-17,-1.1682610095619171e-15,-7.347144867731366,2.6945865236901836e-16,2.631626825899984e-15],[-0.18129665037201023,-0.3857986825938098,-0.11321206022680275,-0.11021959970706982,2.694586523690183e-16,-4.032954696229745,-0.04464659845313931],[-0.18129665037200593,-0.3857986825937938,0.1132120602268043,-0.1102195997070704,2.6316268258999833e-15,-0.04464659845313934,-4.0329546962297425]]}{"Initial Density Matrix":[[1.065011714327751,-0.28521658544198775,-3.562135948763673e-16,-0.0195533696763944,-3.832248982991467e-16,0.03344955980762794,0.033449559807628884],[-0.28521658544198775,1.248965698477248,2.3267427589627715e-16,0.11355938709570529,1.6756769166501095e-16,-0.14428093241128903,-0.14428093241129586],[-3.562135948763673e-16,2.3267427589627715e-16,1.1258700552266883,-3.4940358063885145e-15,-4.884702602359804e-16,-0.1461316510482763,0.14613165104827736],[-0.0195533696763944,0.11355938709570529,-3.4940358063885145e-15,1.0660637654500522,1.6173057222945844e-16,-0.09935832000160108,-0.09935832000160189],[-3.832248982991467e-16,1.6756769166501095e-16,-4.884702602359804e-16,1.6173057222945844e-16,0.9999999999999996,1.3110005478109493e-15,-1.2590139413335108e-15],[0.03344955980762794,-0.14428093241128903,-0.1461316510482763,-0.09935832000160108,1.3110005478109493e-15,0.042680160429604395,0.004746014585757],[0.033449559807628884,-0.14428093241129586,0.14613165104827736,-0.09935832000160189,-1.2590139413335108e-15,0.004746014585757,0.04268016042960614]]}{"Fock Matrix":[[-32.57739541261033,-7.578832816647488,0.0,-0.014473835903318,0.0,-1.240102256333302,-1.240102256333303],[-7.578832816647488,-9.20094327192934,0.0,-0.176890246723779,0.0,-2.906709830220527,-2.906709830220527],[0.0,0.0,-7.458819309224371,0.0,0.0,-1.6751501447186712,1.675150144718672],[-0.014473835903318,-0.176890246723779,0.0,-7.415311754245677,0.0,-1.3568682579595641,-1.3568682579595641],[0.0,0.0,0.0,0.0,-7.347144867731366,0.0,1.0e-15],[-1.240102256333302,-2.906709830220527,-1.6751501447186712,-1.3568682579595641,0.0,-4.540171070273183,-1.071145883317951],[-1.240102256333303,-2.906709830220527,1.675150144718672,-1.3568682579595641,1.0e-15,-1.071145883317951,-4.540171070273184]],"Density Matrix":[[1.065011714327751,-0.28521658544198775,-3.562135948763673e-16,-0.0195533696763944,-3.832248982991467e-16,0.03344955980762794,0.033449559807628884],[-0.28521658544198775,1.248965698477248,2.3267427589627715e-16,0.11355938709570529,1.6756769166501095e-16,-0.14428093241128903,-0.14428093241129586],[-3.562135948763673e-16,2.3267427589627715e-16,1.1258700552266883,-3.4940358063885145e-15,-4.884702602359804e-16,-0.1461316510482763,0.14613165104827736],[-0.0195533696763944,0.11355938709570529,-3.4940358063885145e-15,1.0660637654500522,1.6173057222945844e-16,-0.09935832000160108,-0.09935832000160189],[-3.832248982991467e-16,1.6756769166501095e-16,-4.884702602359804e-16,1.6173057222945844e-16,0.9999999999999996,1.3110005478109493e-15,-1.2590139413335108e-15],[0.03344955980762794,-0.14428093241128903,-0.1461316510482763,-0.09935832000160108,1.3110005478109493e-15,0.042680160429604395,0.004746014585757],[0.033449559807628884,-0.14428093241129586,0.14613165104827736,-0.09935832000160189,-1.2590139413335108e-15,0.004746014585757,0.04268016042960614]],"SCF Iteration":1}