{
  "molecule": {
    "geometry": [
      0.000000000000,  -0.143225816552,   0.000000000000,
      1.638036840407,   1.136548822547,  -0.000000000000,
     -1.638036840407,   1.136548822547,  -0.000000000000
    ],
    "symbols": ["O", "H", "H"],
    "molecular_charge":0,
    "enuc":4.2346705892, 
"ovr":[    1.00000000000000     ,
  0.352770447812368     ,
   1.00000000000000     ,
  0.160015219315759     ,
  0.783887797456369     ,
   1.00000000000000     ,
  0.000000000000000E+000,
  0.000000000000000E+000,
 -5.737376778602822E-016,
   1.00000000000000     ,
 -2.342573952379158E-017,
 -7.420418057213184E-017,
 -6.419406023392689E-017,
  6.308538088151579E-032,
   1.00000000000000     ,
  0.000000000000000E+000,
  0.000000000000000E+000,
  0.000000000000000E+000,
  0.000000000000000E+000,
  0.000000000000000E+000,
   1.00000000000000     ,
 -7.760414064702205E-017,
  4.604957925223724E-016,
  0.000000000000000E+000,
  0.458556514664294     ,
  2.205557761202295E-032,
  0.000000000000000E+000,
   1.00000000000000     ,
  1.300117280561133E-019,
  2.878098703264828E-017,
  3.271916105360899E-017,
  2.205557761202295E-032,
  0.458556514664294     ,
  0.000000000000000E+000,
  0.000000000000000E+000,
   1.00000000000000     ,
  0.000000000000000E+000,
  0.000000000000000E+000,
  0.000000000000000E+000,
  0.000000000000000E+000,
  0.000000000000000E+000,
  0.458556514664294     ,
  0.000000000000000E+000,
  0.000000000000000E+000,
   1.00000000000000     ,
  3.510048875007111E-002,
  0.269047699826671     ,
  0.437860118519175     ,
 -8.043810578335525E-002,
  0.184072278418471     ,
  0.000000000000000E+000,
 -0.237664395307429     ,
  0.543864457238860     ,
  0.000000000000000E+000,
   1.00000000000000     ,
  6.311077227173434E-002,
  0.385369742164295     ,
  0.682605532071679     ,
 -3.205420586929429E-002,
  7.335193500387788E-002,
  0.000000000000000E+000,
 -0.146559142328316     ,
  0.335381781914267     ,
  0.000000000000000E+000,
  0.620827980650830     ,
   1.00000000000000     ,
  3.410165156867138E-002,
  0.264212739581376     ,
  0.433894007045847     ,
  0.194976928900902     ,
  3.181509952082329E-002,
  0.000000000000000E+000,
  0.583386409466505     ,
  9.519329687311917E-002,
  0.000000000000000E+000,
  5.476428545882219E-002,
  0.242748033023481     ,
   1.00000000000000     ,
  6.271494274843223E-002,
  0.383250237009465     ,
  0.679720305551903     ,
  7.909711662285321E-002,
  1.290656618376243E-002,
  0.000000000000000E+000,
  0.362121230008936     ,
  5.908864723781140E-002,
  0.000000000000000E+000,
  0.242748033023481     ,
  0.570155474468647     ,
  0.620827980650830     ,
   1.00000000000000     ,
  0.000000000000000E+000,
  1.445606266074784E-011,
  5.734241347806978E-005,
  1.990461882774415E-018,
  1.550239625239546E-019,
  0.000000000000000E+000,
  3.643539979666804E-005,
  2.837713247113767E-006,
  0.000000000000000E+000,
  5.465924504882461E-012,
  4.446198666213550E-004,
  6.019275197677541E-005,
  1.568812657958041E-002,
   1.00000000000000     ,
  1.445606266074789E-011,
  1.935704417901267E-006,
  1.545883681670282E-003,
  1.088397772596580E-007,
  8.476813194482567E-009,
  0.000000000000000E+000,
  1.878129064091619E-003,
  1.462750993458167E-004,
  0.000000000000000E+000,
  2.614252785994724E-007,
  5.003367656591477E-003,
  5.364611129511978E-003,
  0.113750781846575     ,
  0.352770447812368     ,
   1.00000000000000     ,
  5.734241347806978E-005,
  1.545883681670280E-003,
  1.690220024360228E-002,
  8.692600936763325E-004,
  6.770094185266107E-005,
  0.000000000000000E+000,
  2.647171612491793E-002,
  2.061707568483556E-003,
  0.000000000000000E+000,
  3.635928365559241E-004,
  2.427734270114116E-002,
  5.899560142187698E-002,
  0.267408516556839     ,
  0.160015219315759     ,
  0.783887797456369     ,
   1.00000000000000     ,
 -1.990461882774415E-018,
 -1.088397772596576E-007,
 -8.692600936763325E-004,
 -2.766606315004519E-010,
 -2.197849997248510E-011,
  0.000000000000000E+000,
 -9.717610811529818E-004,
 -8.018721148629199E-005,
  0.000000000000000E+000,
 -1.628630517723510E-008,
 -2.596324080735496E-003,
 -2.810570126885269E-003,
 -4.402554745681277E-002,
 -2.876602598571315E-016,
  0.000000000000000E+000,
  5.737376778602822E-016,
   1.00000000000000     ,
 -1.550239625239545E-019,
 -8.476813194482539E-009,
 -6.770094185266109E-005,
 -2.197849997248510E-011,
  3.825054855750434E-012,
  0.000000000000000E+000,
 -8.018721148629200E-005,
  5.157377240297137E-005,
  0.000000000000000E+000,
  3.227796903865121E-009,
  5.145677142868825E-004,
 -1.019675468045570E-004,
 -1.597247842335041E-003,
 -1.940808299864299E-017,
 -5.784949873949472E-017,
  3.585860486626764E-017,
  0.000000000000000E+000,
   1.00000000000000     ,
  0.000000000000000E+000,
  0.000000000000000E+000,
  0.000000000000000E+000,
  0.000000000000000E+000,
  0.000000000000000E+000,
  5.536815420247218E-012,
  0.000000000000000E+000,
  0.000000000000000E+000,
  5.781902601768739E-005,
  0.000000000000000E+000,
  0.000000000000000E+000,
  0.000000000000000E+000,
  0.000000000000000E+000,
  0.000000000000000E+000,
  0.000000000000000E+000,
  0.000000000000000E+000,
  0.000000000000000E+000,
  0.000000000000000E+000,
   1.00000000000000     ,
 -3.643539979666806E-005,
 -1.878129064091619E-003,
 -2.647171612491795E-002,
 -9.717610811529818E-004,
 -8.018721148629196E-005,
  0.000000000000000E+000,
 -4.348795629240255E-002,
 -3.733935631538236E-003,
  0.000000000000000E+000,
 -3.706009694746173E-004,
 -3.305395396543568E-002,
 -0.104747055899903     ,
 -0.268460303690091     ,
  7.784211382131181E-020,
  0.000000000000000E+000,
  0.000000000000000E+000,
  0.458556514664294     ,
  0.000000000000000E+000,
  0.000000000000000E+000,
   1.00000000000000     ,
 -2.837713247113768E-006,
 -1.462750993458168E-004,
 -2.061707568483557E-003,
 -8.018721148629195E-005,
  5.157377240297137E-005,
  0.000000000000000E+000,
 -3.733935631538236E-003,
  4.163862518390602E-003,
  0.000000000000000E+000,
  7.344972655379550E-005,
  6.550991714146818E-003,
 -3.800225521129253E-003,
 -9.739745797419971E-003,
 -1.483368249585182E-018,
 -2.878098703264828E-017,
 -3.271916105360899E-017,
  0.000000000000000E+000,
  0.458556514664294     ,
  0.000000000000000E+000,
  0.000000000000000E+000,
   1.00000000000000     ,
  0.000000000000000E+000,
  0.000000000000000E+000,
  0.000000000000000E+000,
  0.000000000000000E+000,
  0.000000000000000E+000,
  5.781902601768739E-005,
  0.000000000000000E+000,
  0.000000000000000E+000,
  4.454674164883230E-003,
  0.000000000000000E+000,
  0.000000000000000E+000,
  0.000000000000000E+000,
  0.000000000000000E+000,
  0.000000000000000E+000,
  0.000000000000000E+000,
  0.000000000000000E+000,
  0.000000000000000E+000,
  0.000000000000000E+000,
  0.458556514664294     ,
  0.000000000000000E+000,
  0.000000000000000E+000,
   1.00000000000000     ,
  7.255647942532703E-012,
  3.110809732348415E-007,
  3.973952755779655E-004,
  1.996745855777318E-008,
 -1.601775257141869E-009,
 -4.687290924858684E-009,
  4.059976915928663E-004,
 -3.256884470142071E-005,
 -9.530653537157249E-005,
  1.809717288162199E-008,
  1.428355755473495E-003,
  7.255299626846821E-004,
  5.503258690861062E-002,
  3.482699981761064E-002,
  0.267728800992094     ,
  0.436781962132564     ,
  6.876904524116943E-002,
 -0.101183021173559     ,
 -0.158186133271028     ,
  0.203882258956687     ,
 -0.299981232145671     ,
 -0.468980572201010     ,
   1.00000000000000     ,
  4.732551864324492E-004,
  5.284777676190443E-003,
  2.531936106779931E-002,
  2.708474945356724E-003,
 -2.172719246922979E-004,
 -6.358050021661605E-004,
  3.404040107606107E-002,
 -2.730696649704269E-003,
 -7.990864865486672E-003,
  1.428355755473492E-003,
  2.613863344043779E-002,
  5.503258690861063E-002,
  0.234298938898363     ,
  6.300328084472248E-002,
  0.384794332312308     ,
  0.681822606640829     ,
  2.753715499253508E-002,
 -4.051666744678325E-002,
 -6.334239561241387E-002,
